,Letter,City,Population
0,а,Астрахань,529793
1,а,Архангельск,346979
2,а,Ангарск,224630
3,а,Армавир,188960
4,а,Абакан,186797
5,а,Альметьевск,158429
6,а,Артем,105675
7,а,Ачинск,105531
8,а,Арзамас,103979
9,а,Анапа,88879
10,а,Азов,80428
11,а,Анжеро-Судженск,68116
12,а,Асбест,62908
13,а,Александров,57899
14,а,Алексин,57516
15,а,Апатиты,54667
16,а,Арсеньев,52173
17,а,Аксай,46018
18,а,Апшеронск,39488
19,а,Аргун,39275
20,а,Абинск,39058
21,а,Амурск,38913
22,а,Алексеевка,37811
23,а,Алапаевск,37131
24,а,Ахтубинск,36544
25,а,Азнакаево,34197
26,а,Алатырь,33752
27,а,Апрелевка,30669
28,а,Артемовский,30101
29,а,Алушта,30088
30,а,Аша,29066
31,а,Алейск,28974
32,а,Асино,24346
33,а,Аткарск,24125
34,а,Арск,22970
35,а,Армянск,21406
36,а,Алдан,20631
37,а,Алагир,19737
38,а,Агрыз,19721
39,а,Ардон,19298
40,а,Абдулино,18581
41,а,Анадырь,15819
42,а,Арамиль,15446
43,а,Абаза,14990
44,а,Агидель,14219
45,а,Ак-Довурак,13609
46,а,Адыгейск,12721
47,а,Александровск,11935
48,а,Аркадак,11516
49,а,Анива,9378
50,а,Александровск-Сахалинский,9125
51,а,Ардатов,8294
52,а,Алупка,8075
53,а,Андреаполь,6801
54,а,Алзамай,5749
55,а,Артемовск,1562
56,б,Барнаул,632391
57,б,Балашиха,507366
58,б,Брянск,420444
59,б,Белгород,394142
60,б,Братск,226269
61,б,Бийск,199464
62,б,Балаково,187523
63,б,Березники,139209
64,б,Батайск,127919
65,б,Бердск,104334
66,б,Бузулук,86103
67,б,Бугульма,82488
68,б,Бор,76872
69,б,Балашов,75773
70,б,Биробиджан,71843
71,б,Белово,71240
72,б,Буйнакск,65658
73,б,Белогорск,65315
74,б,Белорецк,64921
75,б,Будённовск,61329
76,б,Борисоглебск,59864
77,б,Белебей,59229
78,б,Березовский,59030
79,б,Белореченск,51590
80,б,Боровичи,49012
81,б,Бугуруслан,48546
82,б,Балахна,48520
83,б,Бирск,48388
84,б,Белая Калитва,39293
85,б,Большой Камень,39096
86,б,Баксан,38474
87,б,Беслан,37371
88,б,Благовещенск,34771
89,б,Богородск,33756
90,б,Балтийск,33658
91,б,Богородицк,30433
92,б,Благодарный,30399
93,б,Богданович,29294
94,б,Борзя,29225
95,б,Барабинск,28704
96,б,Бахчисарай,26680
97,б,Балабаново,25574
98,б,Бутурлиновка,24007
99,б,Буй,23233
100,б,Бронницы,22531
101,б,Бавлы,22157
102,б,Бологое,20498
103,б,Бежецк,20418
104,б,Буинск,20416
105,б,Бобров,20007
106,б,Белоярский,19622
107,б,Боготол,19576
108,б,Бакал,18706
109,б,Баймак,17179
110,б,Бикин,16104
111,б,Бородино,16055
112,б,Барыш,15541
113,б,Болотное,15478
114,б,Белокуриха,15192
115,б,Бокситогорск,15091
116,б,Белев,12597
117,б,Байкальск,12534
118,б,Бодайбо,11982
119,б,Бабаево,11521
120,б,Богучар,11048
121,б,Болхов,10884
122,б,Балей,10732
123,б,Боровск,10337
124,б,Белоусово,10186
125,б,Белая Холуница,10100
126,б,Беломорск,9199
127,б,Белозерск,9011
128,б,Болохово,8828
129,б,Бирюсинск,8416
130,б,Болгар,8410
131,б,Белинский,7522
132,б,Бирюч,7484
133,б,Багратионовск,6388
134,б,Билибино,5777
135,б,Бабушкин,4454
136,б,Белый,3090
137,в,Воронеж,1058261
138,в,Волгоград,1008998
139,в,Владивосток,606561
140,в,Владимир,356937
141,в,Волжский,323906
142,в,Вологда,317426
143,в,Владикавказ,303597
144,в,Великий Новгород,224936
145,в,Волгодонск,171406
146,в,Воткинск,97244
147,в,Воскресенск,92911
148,в,Великие Луки,90922
149,в,Видное,77018
150,в,Выборг,75355
151,в,Всеволожск,74724
152,в,Верхняя Пышма,72688
153,в,Вольск,61943
154,в,Волжск,53216
155,в,Выкса,53010
156,в,Воркута,52776
157,в,Вязьма,52347
158,в,Вышний Волочек,45481
159,в,Волхов,44256
160,в,Верхняя Салда,41228
161,в,Вязники,34521
162,в,Валуйки,34159
163,в,Вичуга,33292
164,в,Вятские Поляны,31873
165,в,Великий Устюг,31294
166,в,Верхний Уфалей,26716
167,в,Вельск,22328
168,в,Вилючинск,22223
169,в,Верещагино,21292
170,в,Вихоревка,20833
171,в,Волоколамск,18372
172,в,Волгореченск,16276
173,в,Валдай,13987
174,в,Венев,13883
175,в,Вяземский,12999
176,в,Волосово,11828
177,в,Вилюйск,11322
178,в,Верхний Тагил,10493
179,в,Высоковск,10362
180,в,Ворсма,10253
181,в,Вытегра,10123
182,в,Володарск,9898
183,в,Вуктыл,9716
184,в,Верхнеуральск,9282
185,в,Верхняя Тура,8979
186,в,Верхотурье,8563
187,в,Волчанск,8525
188,в,Ветлуга,8336
189,в,Велиж,6636
190,в,Весьегонск,6016
191,в,Верея,5088
192,в,Высоцк,1089
193,в,Верхоянск,1073
194,г,Грозный,305911
195,г,Глазов,92334
196,г,Гатчина,91685
197,г,Губкин,86229
198,г,Геленджик,76783
199,г,Георгиевск,66436
200,г,Горно-Алтайск,64464
201,г,Гуково,63150
202,г,Гудермес,55863
203,г,Гусь-Хрустальный,52779
204,г,Грязи,46683
205,г,Горячий Ключ,40299
206,г,Гулькевичи,34272
207,г,Гай,33819
208,г,Городец,29712
209,г,Губкинский,29161
210,г,Гагарин,28866
211,г,Гусев,28484
212,г,Гусиноозерск,23036
213,г,Гурьевск,22375
214,г,Губаха,19109
215,г,Голицыно,17502
216,г,Галич,16754
217,г,Гаврилов-Ям,16536
218,г,Грязовец,14808
219,г,Гвардейск,13313
220,г,Гаджиево,13157
221,г,Гороховец,12656
222,г,Горняк,12330
223,г,Горнозаводск,11176
224,г,Городовиковск,8571
225,г,Гремячинск,8170
226,г,Городище,7709
227,г,Грайворон,6496
228,г,Гаврилов Посад,5560
229,г,Гдов,3257
230,г,Горбатов,2236
231,д,Дзержинск,229000
232,д,Домодедово,137160
233,д,Дербент,125832
234,д,Долгопрудный,116038
235,д,Димитровград,113472
236,д,Дубна,74985
237,д,Дмитров,68792
238,д,Донской,62621
239,д,Дзержинский,56376
240,д,Донецк,46732
241,д,Джанкой,38007
242,д,Дальнегорск,34096
243,д,Добрянка,32072
244,д,Дюртюли,31379
245,д,Дедовск,30500
246,д,Дагестанские Огни,29716
247,д,Дивногорск,29232
248,д,Десногорск,27225
249,д,Дятьково,26161
250,д,Дальнереченск,25074
251,д,Давлеканово,23380
252,д,Дудинка,20804
253,д,Данков,18711
254,д,Дегтярск,15636
255,д,Данилов,14522
256,д,Дубовка,13659
257,д,Далматово,12248
258,д,Долинск,11851
259,д,Дрезна,11313
260,д,Дигора,10089
261,д,Дорогобуж,9357
262,д,Дно,7381
263,д,Дмитриев-Льговский,6266
264,д,Демидов,6055
265,д,Дмитровск,4967
266,д,Духовщина,3909
267,е,Екатеринбург,1493749
268,е,Ессентуки,113056
269,е,Евпатория,108248
270,е,Елец,102313
271,е,Ейск,83094
272,е,Елабуга,74392
273,е,Егорьевск,72763
274,е,Елизово,39345
275,е,Ефремов,34439
276,е,Еманжелинск,28216
277,е,Ершов,18796
278,е,Енисейск,17774
279,е,Емва,12379
280,е,Ермолино,10120
281,е,Ельня,8743
282,ж,Жуковский,107560
283,ж,Железногорск,100446
284,ж,Жигулевск,51641
285,ж,Железноводск,24919
286,ж,Железногорск-Илимский,22950
287,ж,Жуковка,16448
288,ж,Жирновск,15475
289,ж,Жердевка,13964
290,ж,Жуков,13727
291,ж,Жиздра,5399
292,з,Златоуст,163919
293,з,Зеленодольск,100039
294,з,Заречный,65502
295,з,Зеленогорск,61633
296,з,Заринск,45886
297,з,Заинск,39887
298,з,Заволжье,37588
299,з,Зеленокумск,34113
300,з,Зима,30515
301,з,Знаменск,26701
302,з,Заводоуковск,26542
303,з,Зерноград,24063
304,з,Зея,22984
305,з,Зарайск,22772
306,з,Звенигород,22317
307,з,Зверево,18068
308,з,Зеленоградск,16536
309,з,Заполярный,14706
310,з,Закаменск,11204
311,з,Звенигово,10904
312,з,Завитинск,10499
313,з,Змеиногорск,10385
314,з,Заозерный,10199
315,з,Зуевка,10166
316,з,Заволжск,9637
317,з,Задонск,9527
318,з,Заозерск,9246
319,з,Западная Двина,7783
320,з,Зубцов,6155
321,з,Злынка,5340
322,и,Ижевск,648146
323,и,Иркутск,623562
324,и,Иваново,404598
325,и,Ивантеевка,81254
326,и,Ишим,64414
327,и,Ишимбай,64386
328,и,Избербаш,60453
329,и,Искитим,56033
330,и,Изобильный,37841
331,и,Ирбит,36528
332,и,Истра,33558
333,и,Инта,24121
334,и,Ипатово,23214
335,и,Инза,17245
336,и,Ивдель,15423
337,и,Иланский,14869
338,и,Инкерман,10056
339,и,Ивангород,9486
340,и,Инсар,7665
341,и,Игарка,4319
342,и,Иннополис,405
343,й,Йошкар-Ола,274715
344,к,Казань,1257391
345,к,Красноярск,1093771
346,к,Краснодар,932629
347,к,Кемерово,556382
348,к,Киров,518348
349,к,Калининград,489359
350,к,Курск,452976
351,к,Калуга,332039
352,к,Курган,312364
353,к,Кострома,276929
354,к,Комсомольск-на-Амуре,244768
355,к,Королёв,225858
356,к,Красногорск,175554
357,к,Каменск-Уральский,166086
358,к,Керчь,151548
359,к,Колпино,149156
360,к,Копейск,147634
361,к,Коломна,140129
362,к,Ковров,135715
363,к,Кисловодск,128779
364,к,Каспийск,123988
365,к,Кызыл,119438
366,к,Камышин,109910
367,к,Канск,88917
368,к,Каменск-Шахтинский,87760
369,к,Киселевск,86573
370,к,Кинешма,80950
371,к,Кузнецк,80497
372,к,Клин,79715
373,к,Кропоткин,77655
374,к,Клинцы,69909
375,к,Кирово-Чепецк,69835
376,к,Кстово,67797
377,к,Когалым,67727
378,к,Кунгур,64898
379,к,Котлас,61990
380,к,Кумертау,59478
381,к,Красное Село,59066
382,к,Крымск,57927
383,к,Краснотурьинск,56290
384,к,Краснокамск,52537
385,к,Краснокаменск,51387
386,к,Кириши,50525
387,к,Кизляр,49412
388,к,Котельники,49023
389,к,Курганинск,48194
390,к,Кашира,47392
391,к,Кингисепп,45216
392,к,Канаш,44795
393,к,Кронштадт,44461
394,к,Куйбышев,43536
395,к,Кимры,43216
396,к,Краснознаменск,43191
397,к,Карабулак,42724
398,к,Кореновск,42418
399,к,Кольчугино,41953
400,к,Камень-на-Оби,41164
401,к,Кудрово,41102
402,к,Курчатов,38125
403,к,Качканар,38092
404,к,Кизилюрт,37752
405,к,Красноуфимск,37735
406,к,Красный Сулин,37627
407,к,Конаково,36460
408,к,Кыштым,36243
409,к,Кинель,35753
410,к,Коряжма,35714
411,к,Каменка,34577
412,к,Корсаков,34023
413,к,Коркино,34014
414,к,Кулебаки,31794
415,к,Кудымкар,30425
416,к,Кандалакша,30379
417,к,Кохма,30161
418,к,Костомукша,30131
419,к,Касимов,29240
420,к,Кондопога,29218
421,к,Котовск,28955
422,к,Карталы,28227
423,к,Кушва,27241
424,к,Кировск,26887
425,к,Карасук,26820
426,к,Киржач,26703
427,к,Курчалой,26581
428,к,Киреевск,26341
429,к,Красноармейск,26300
430,к,Карпинск,25937
431,к,Камышлов,25843
432,к,Кимовск,25563
433,к,Красноперекопск,24864
434,к,Калач-на-Дону,23595
435,к,Кувандык,23285
436,к,Колпашево,22920
437,к,Котельнич,22882
438,к,Калачинск,22599
439,к,Красноуральск,22521
440,к,Коммунар,22221
441,к,Котово,21413
442,к,Карачаевск,20828
443,к,Куровское,20598
444,к,Калтан,20464
445,к,Котельниково,20382
446,к,Кяхта,20297
447,к,Кубинка,20138
448,к,Козьмодемьянск,20062
449,к,Ковылкино,18857
450,к,Кировград,18738
451,к,Калач,18221
452,к,Кукмор,17796
453,к,Карачев,17169
454,к,Краснослободск,17059
455,к,Константиновск,16891
456,к,Куса,16722
457,к,Куртамыш,16507
458,к,Козельск,16427
459,к,Ковдор,16244
460,к,Кирсанов,16092
461,к,Камызяк,15749
462,к,Касли,15673
463,к,Кодинск,15653
464,к,Калининск,15508
465,к,Катав-Ивановск,15495
466,к,Карабаново,14896
467,к,Красновишерск,14836
468,к,Кондрово,14591
469,к,Красный Кут,14130
470,к,Купино,13790
471,к,Кашин,13757
472,к,Кизел,13533
473,к,Краснозаводск,12800
474,к,Катайск,12367
475,к,Калязин,12351
476,к,Камешково,11992
477,к,Кораблино,11073
478,к,Киренск,11048
479,к,Карабаш,10756
480,к,Кемь,10648
481,к,Кременки,10278
482,к,Камбарка,10112
483,к,Каргополь,9951
484,к,Кола,9690
485,к,Кирс,9152
486,к,Каргат,9029
487,к,Кувшиново,8857
488,к,Козловка,8594
489,к,Костерево,8076
490,к,Комсомольск,8023
491,к,Кириллов,8021
492,к,Княгинино,6796
493,к,Красавино,6407
494,к,Каменногорск,6301
495,к,Короча,5768
496,к,Курлово,5747
497,к,Кадников,5276
498,к,Красный Холм,4983
499,к,Кологрив,2882
500,к,Кедровый,1884
501,к,Курильск,1519
502,л,Липецк,508573
503,л,Люберцы,205295
504,л,Ленинск-Кузнецкий,94398
505,л,Лобня,90231
506,л,Лениногорск,61695
507,л,Лысьва,60310
508,л,Лабинск,59330
509,л,Лесосибирск,59306
510,л,Лыткарино,59150
511,л,Лиски,53504
512,л,Лесной,49256
513,л,Ливны,47165
514,л,Лангепас,44646
515,л,Ломоносов,43235
516,л,Лянтор,41199
517,л,Людиново,37252
518,л,Лесозаводск,35097
519,л,Луга,34619
520,л,Луховицы,30443
521,л,Ликино-Дулёво,28818
522,л,Лабытнанги,26295
523,л,Лосино-Петровский,25404
524,л,Ленск,23186
525,л,Лермонтов,22891
526,л,Лысково,21358
527,л,Лебедянь,19203
528,л,Лодейное Поле,18989
529,л,Льгов,18145
530,л,Лукоянов,14671
531,л,Ленинск,14370
532,л,Лакинск,14088
533,л,Лагань,12769
534,л,Лихославль,11408
535,л,Лаишево,10454
536,л,Луза,9853
537,л,Липки,8122
538,л,Лахденпохья,7050
539,л,Любим,5039
540,л,Любань,4444
541,л,Ладушкин,3886
542,м,Москва,12678079
543,м,Махачкала,603518
544,м,Магнитогорск,413253
545,м,Мурманск,287847
546,м,Мытищи,235504
547,м,Миасс,151472
548,м,Майкоп,141475
549,м,Муром,106984
550,м,Междуреченск,96299
551,м,Михайловск,95721
552,м,Магадан,92052
553,м,Мичуринск,90722
554,м,Минеральные Воды,73925
555,м,Минусинск,67912
556,м,Мурино,64939
557,м,Московский,59218
558,м,Михайловка,57447
559,м,Мелеуз,56677
560,м,Можга,48986
561,м,Мегион,46643
562,м,Моздок,42039
563,м,Мончегорск,41145
564,м,Мыски,40787
565,м,Малгобек,38649
566,м,Моршанск,37955
567,м,Мариинск,37912
568,м,Мценск,36627
569,м,Мирный,35390
570,м,Миллерово,34464
571,м,Муравленко,31561
572,м,Маркс,30743
573,м,Можайск,30066
574,м,Малоярославец,27795
575,м,Майский,26652
576,м,Медногорск,24638
577,м,Морозовск,24575
578,м,Менделеевск,22146
579,м,Мензелинск,16916
580,м,Мамадыш,15880
581,м,Межгорье,15493
582,м,Мантурово,14988
583,м,Медвежьегорск,14091
584,м,Меленки,13474
585,м,Могоча,12953
586,м,Магас,12170
587,м,Малая Вишера,10253
588,м,Михайлов,9891
589,м,Микунь,9558
590,м,Миньяр,8870
591,м,Мариинский Посад,8455
592,м,Медынь,8239
593,м,Мамоново,8014
594,м,Макушино,7749
595,м,Малмыж,7186
596,м,Мглин,7145
597,м,Макарьев,6390
598,м,Макаров,6324
599,м,Мураши,5924
600,м,Мышкин,5488
601,м,Мосальск,4166
602,м,Мещовск,3780
603,м,Мезень,3212
604,м,Малоархангельск,3182
605,н,Новосибирск,1625631
606,н,Нижний Новгород,1252236
607,н,Новокузнецк,549403
608,н,Набережные Челны,533839
609,н,Нижний Тагил,349008
610,н,Нижневартовск,277668
611,н,Новороссийск,274956
612,н,Нижнекамск,240077
613,н,Нальчик,239583
614,н,Норильск,181830
615,н,Новочеркасск,168035
616,н,Находка,145159
617,н,Нефтекамск,131138
618,н,Нефтеюганск,127255
619,н,Новочебоксарск,127226
620,н,Новомосковск,122306
621,н,Назрань,122261
622,н,Новый Уренгой,118033
623,н,Невинномысск,116751
624,н,Ноябрьск,106911
625,н,Новошахтинск,106534
626,н,Ногинск,103967
627,н,Новокуйбышевск,100455
628,н,Новотроицк,83647
629,н,Новоуральск,80357
630,н,Новоалтайск,74556
631,н,Наро-Фоминск,64902
632,н,Нягань,58565
633,н,Нерюнгри,57934
634,н,Назарово,49748
635,н,Надым,44830
636,н,Новозыбков,39510
637,н,Новодвинск,37699
638,н,Новокубанск,35199
639,н,Нижнеудинск,33616
640,н,Нурлат,32014
641,н,Нововоронеж,31540
642,н,Нарткала,30634
643,н,Новоалександровск,26518
644,н,Новопавловск,26062
645,н,Нарьян-Мар,25151
646,н,Нефтекумск,24360
647,н,Невьянск,22806
648,н,Никольское,22360
649,н,Нерехта,20929
650,н,Нижний Ломов,20511
651,н,Нижняя Тура,19366
652,н,Няндома,19149
653,н,Новый Оскол,18478
654,н,Нытва,18115
655,н,Нелидово,18102
656,н,Николаевск-на-Амуре,17939
657,н,Нефтегорск,17920
658,н,Нижняя Салда,17330
659,н,Новомичуринск,16474
660,н,Новоаннинский,15858
661,н,Новоузенск,15122
662,н,Нерчинск,14726
663,н,Навашино,14583
664,н,Невель,14481
665,н,Новоульяновск,13778
666,н,Николаевск,13408
667,н,Новая Ляля,11645
668,н,Нязепетровск,11425
669,н,Называевск,10865
670,н,Нариманов,10764
671,н,Неман,10756
672,н,Невельск,9815
673,н,Нюрба,9694
674,н,Нолинск,9579
675,н,Наволоки,9096
676,н,Нижние Серги,8987
677,н,Нея,8573
678,н,Новая Ладога,7958
679,н,Никольск,7908
680,н,Новосокольники,7003
681,н,Новохопёрск,5855
682,н,Нестеров,3933
683,н,Новосиль,3109
684,н,Новоржев,3107
685,о,Омск,1154507
686,о,Оренбург,572188
687,о,Орёл,308838
688,о,Орск,226502
689,о,Одинцово,135506
690,о,Орехово-Зуево,118309
691,о,Обнинск,117419
692,о,Октябрьский,114100
693,о,Озерск,78440
694,о,Отрадный,47067
695,о,Осинники,41673
696,о,Острогожск,31829
697,о,Обь,29883
698,о,Октябрьск,26306
699,о,Отрадное,25796
700,о,Озёры,24653
701,о,Омутнинск,21633
702,о,Оса,20805
703,о,Остров,20506
704,о,Оленегорск,20364
705,о,Оха,20016
706,о,Онега,18493
707,о,Осташков,15384
708,о,Очер,14186
709,о,Обоянь,13242
710,о,Окуловка,9772
711,о,Опочка,9494
712,о,Олекминск,9164
713,о,Облучье,8365
714,о,Олонец,8026
715,о,Оханск,6980
716,о,Орлов,6433
717,о,Островной,1669
718,п,Пермь,1055397
719,п,Пенза,520300
720,п,Подольск,308130
721,п,Петрозаводск,281023
722,п,Псков,210340
723,п,Прокопьевск,190334
724,п,Петропавловск-Камчатский,179586
725,п,Пятигорск,147861
726,п,Первоуральск,120778
727,п,Пушкин,112674
728,п,Пушкино,107580
729,п,Петергоф,85717
730,п,Павловский Посад,63568
731,п,Полевской,60979
732,п,Прохладный,58226
733,п,Павлово,56680
734,п,Пугачев,40656
735,п,Пыть-Ях,39570
736,п,Печора,38229
737,п,Переславль-Залесский,37943
738,п,Партизанск,36586
739,п,Протвино,35367
740,п,Приморско-Ахтарск,32349
741,п,Петровск,28237
742,п,Похвистнево,27895
743,п,Полысаево,25867
744,п,Павловск,24453
745,п,Пущино,20696
746,п,Пикалёво,19746
747,п,Пролетарск,18671
748,п,Покачи,18074
749,п,Приозерск,17813
750,п,Полярный,17494
751,п,Пласт,17273
752,п,Покров,16755
753,п,Поворино,16702
754,п,Подпорожье,16676
755,п,Почеп,16389
756,п,Петровск-Забайкальский,15785
757,п,Плавск,15711
758,п,Поронайск,15561
759,п,Приволжск,15264
760,п,Пестово,14985
761,п,Палласовка,14463
762,п,Полярные Зори,14196
763,п,Пересвет,13411
764,п,Первомайск,13260
765,п,Петушки,12536
766,п,Петров Вал,12359
767,п,Пионерский,12194
768,п,Питкяранта,10184
769,п,Петухово,10041
770,п,Покровск,9385
771,п,Печоры,9333
772,п,Перевоз,8710
773,п,Пудож,8606
774,п,Порхов,8347
775,п,Починок,8269
776,п,Полесск,6887
777,п,Пучеж,6255
778,п,Пошехонье,5650
779,п,Приморск,5566
780,п,Пыталово,5354
781,п,Певек,4494
782,п,Правдинск,4025
783,п,Пустошка,3862
784,п,Плес,1732
785,р,Ростов-на-Дону,1137904
786,р,Рязань,539290
787,р,Рыбинск,184635
788,р,Рубцовск,141584
789,р,Раменское,121908
790,р,Реутов,108054
791,р,Россошь,62625
792,р,Ревда,61533
793,р,Ржев,57515
794,р,Рославль,48909
795,р,Рузаевка,44291
796,р,Радужный,43666
797,р,Рассказово,42679
798,р,Ртищево,38364
799,р,Реж,36825
800,р,Ростов,30515
801,р,Родники,23924
802,р,Ряжск,20936
803,р,Рыбное,20677
804,р,Рошаль,20022
805,р,Райчихинск,16784
806,р,Рыльск,16005
807,р,Руза,12743
808,р,Рудня,9463
809,с,Санкт-Петербург,5398064
810,с,Самара,1156659
811,с,Саратов,838042
812,с,Ставрополь,450680
813,с,Севастополь,449138
814,с,Сочи,443562
815,с,Сургут,380632
816,с,Симферополь,342054
817,с,Смоленск,325495
818,с,Саранск,320612
819,с,Стерлитамак,276394
820,с,Сыктывкар,244403
821,с,Старый Оскол,223921
822,с,Северодвинск,181990
823,с,Сызрань,167160
824,с,Салават,150500
825,с,Серпухов,126273
826,с,Северск,106516
827,с,Сергиев Посад,100335
828,с,Саров,96052
829,с,Серов,95861
830,с,Сарапул,95355
831,с,Соликамск,92602
832,с,Славянск-на-Кубани,67919
833,с,Сосновый Бор,67720
834,с,Сунжа,66344
835,с,Ступино,65908
836,с,Сибай,60780
837,с,Сальск,56832
838,с,Сертолово,56620
839,с,Свободный,54017
840,с,Североморск,53525
841,с,Снежинск,51751
842,с,Салехард,50976
843,с,Солнечногорск,50169
844,с,Саяногорск,45951
845,с,Сестрорецк,43055
846,с,Сатка,41309
847,с,Сафоново,41138
848,с,Сосновоборск,41080
849,с,Стрежевой,40830
850,с,Спасск-Дальний,39765
851,с,Советск,38963
852,с,Саянск,38820
853,с,Сокол,36433
854,с,Светлоград,35356
855,с,Сухой Лог,33410
856,с,Сланцы,32169
857,с,Слободской,31890
858,с,Сердобск,30939
859,с,Советский,29293
860,с,Славгород,29050
861,с,Старая Русса,27739
862,с,Сорочинск,27088
863,с,Семилуки,27036
864,с,Соль-Илецк,26923
865,с,Сосногорск,26004
866,с,Сегежа,26000
867,с,Скопин,25748
868,с,Североуральск,25567
869,с,Саки,24654
870,с,Старая Купавна,24200
871,с,Строитель,24104
872,с,Семенов,24067
873,с,Сасово,23786
874,с,Среднеуральск,23680
875,с,Советская Гавань,23550
876,с,Северобайкальск,23183
877,с,Семикаракорск,21864
878,с,Светлый,21630
879,с,Сысерть,21007
880,с,Сергач,19965
881,с,Сортавала,18831
882,с,Суровикино,18230
883,с,Слюдянка,18213
884,с,Стародуб,18156
885,с,Собинка,17266
886,с,Суворов,17173
887,с,Судак,16489
888,с,Сельцо,16368
889,с,Светогорск,15242
890,с,Светлогорск,15208
891,с,Сухиничи,14779
892,с,Струнино,12881
893,с,Снежногорск,12826
894,с,Свирск,12750
895,с,Сим,12501
896,с,Сясьстрой,12403
897,с,Сорск,11215
898,с,Сосновка,10743
899,с,Сураж,10728
900,с,Сосенский,10419
901,с,Судогда,10113
902,с,Суздаль,9606
903,с,Старый Крым,9471
904,с,Сковородино,9280
905,с,Суоярви,8678
906,с,Серафимович,8646
907,с,Сольцы,8535
908,с,Сычевка,8339
909,с,Старица,7367
910,с,Салаир,7281
911,с,Спасск,7016
912,с,Севск,6563
913,с,Спасск-Рязанский,6558
914,с,Сретенск,6433
915,с,Сенгилей,6221
916,с,Солигалич,5918
917,с,Сурск,5890
918,с,Суджа,5646
919,с,Себеж,5301
920,с,Спас-Клепики,5157
921,с,Сусуман,4355
922,с,Спас-Деменск,4283
923,с,Славск,3984
924,с,Среднеколымск,3477
925,с,Северо-Курильск,2592
926,с,Сольвычегодск,1875
927,т,Тюмень,807271
928,т,Тольятти,699429
929,т,Томск,576624
930,т,Тула,475161
931,т,Тверь,425072
932,т,Тамбов,292140
933,т,Таганрог,248643
934,т,Тобольск,98932
935,т,Троицк,73421
936,т,Туймазы,68246
937,т,Туапсе,61180
938,т,Тихвин,58116
939,т,Тихорецк,57098
940,т,Тимашевск,50792
941,т,Торжок,44439
942,т,Темрюк,41413
943,т,Тутаев,39837
944,т,Тулун,39671
945,т,Тосно,36296
946,т,Тында,33177
947,т,Тайшет,32671
948,т,Трехгорный,32665
949,т,Тавда,32623
950,т,Тейково,31801
951,т,Тара,28241
952,т,Топки,27779
953,т,Татарск,23376
954,т,Тайга,23108
955,т,Таштагол,22861
956,т,Тарко-Сале,21501
957,т,Тогучин,20820
958,т,Тырныауз,20568
959,т,Терек,19539
960,т,Туринск,17115
961,т,Талица,15579
962,т,Трубчевск,13613
963,т,Талдом,12596
964,т,Торопец,11826
965,т,Тетюши,11014
966,т,Тюкалинск,10253
967,т,Тотьма,9690
968,т,Таруса,9181
969,т,Теберда,8648
970,т,Томмот,6834
971,т,Темников,5778
972,т,Туран,4903
973,т,Томари,3771
974,у,Уфа,1128787
975,у,Ульяновск,627705
976,у,Улан-Удэ,439128
977,у,Уссурийск,173640
978,у,Ухта,93716
979,у,Усть-Илимск,80419
980,у,Усолье-Сибирское,76047
981,у,Урус-Мартан,62702
982,у,Узловая,49655
983,у,Усть-Кут,40783
984,у,Урай,40537
985,у,Усть-Лабинск,39456
986,у,Учалы,37898
987,у,Усинск,37155
988,у,Урюпинск,36704
989,у,Углич,31758
990,у,Усть-Джегута,30559
991,у,Удомля,27186
992,у,Уварово,23135
993,у,Унеча,22820
994,у,Усть-Катав,21803
995,у,Усмань,19625
996,у,Ужур,15333
997,у,Урень,12361
998,у,Удачный,11970
999,у,Уяр,11948
1000,у,Уржум,9755
1001,у,Углегорск,8710
1002,у,Устюжна,8443
1003,у,Усолье,6267
1004,ф,Феодосия,68001
1005,ф,Фрязино,59535
1006,ф,Фролово,36235
1007,ф,Фурманов,33181
1008,ф,Фокино,12759
1009,ф,Фатеж,6102
1010,х,Хабаровск,616372
1011,х,Химки,259550
1012,х,Хасавюрт,145109
1013,х,Ханты-Мансийск,101466
1014,х,Холмск,27148
1015,х,Хадыженск,22181
1016,х,Хотьково,21319
1017,х,Харабали,17517
1018,х,Хвалынск,12288
1019,х,Хилок,10381
1020,х,Харовск,8776
1021,х,Холм,3359
1022,ц,Цивильск,14969
1023,ц,Цимлянск,14432
1024,ц,Циолковский,7188
1025,ч,Челябинск,1196680
1026,ч,Чебоксары,497618
1027,ч,Чита,351784
1028,ч,Череповец,314834
1029,ч,Черкесск,123168
1030,ч,Чайковский,82382
1031,ч,Черногорск,75419
1032,ч,Чехов,72321
1033,ч,Чапаевск,71720
1034,ч,Чистополь,59452
1035,ч,Черемхово,50154
1036,ч,Чусовой,43737
1037,ч,Чебаркуль,41310
1038,ч,Черняховск,35398
1039,ч,Чернушка,33127
1040,ч,Черноголовка,21288
1041,ч,Черепаново,19064
1042,ч,Чегем,18417
1043,ч,Чудово,13909
1044,ч,Чаплыгин,11773
1045,ч,Чкаловск,11345
1046,ч,Чулым,11026
1047,ч,Чадан,9351
1048,ч,Чухлома,4936
1049,ч,Чердынь,4618
1050,ч,Чермоз,3268
1051,ч,Чекалин,863
1052,ш,Шахты,230262
1053,ш,Шадринск,74652
1054,ш,Шуя,57039
1055,ш,Шали,55076
1056,ш,Шелехов,48423
1057,ш,Шебекино,40870
1058,ш,Шарыпово,36741
1059,ш,Шатура,32019
1060,ш,Шумерля,28356
1061,ш,Шарья,23544
1062,ш,Шахунья,19694
1063,ш,Шимановск,18566
1064,ш,Шумиха,17152
1065,ш,Шлиссельбург,14920
1066,ш,Шилка,12491
1067,ш,Шагонар,11182
1068,ш,Шацк,5819
1069,ш,Шиханы,5414
1070,ш,Шенкурск,4666
1071,щ,Щёлково,126109
1072,щ,Щекино,57140
1073,щ,Щербинка,54008
1074,щ,Щигры,14984
1075,щ,Щелкино,10182
1076,щ,Щучье,9476
1077,э,Энгельс,227049
1078,э,Электросталь,156026
1079,э,Элиста,107707
1080,э,Электрогорск,22653
1081,э,Электроугли,21263
1082,э,Эртиль,10052
1083,ю,Южно-Сахалинск,200636
1084,ю,Юрга,80840
1085,ю,Югорск,37966
1086,ю,Южноуральск,37561
1087,ю,Юрьев-Польский,18098
1088,ю,Южа,12229
1089,ю,Юрюзань,10908
1090,ю,Южно-Сухокумск,10666
1091,ю,Юрьевец,7945
1092,ю,Юхнов,5838
1093,я,Ярославль,608353
1094,я,Якутск,322987
1095,я,Ялта,79056
1096,я,Ярцево,42677
1097,я,Ялуторовск,40273
1098,я,Янаул,25109
1099,я,Яровое,18053
1100,я,Яранск,15475
1101,я,Ясногорск,15410
1102,я,Ясный,15249
1103,я,Яхрома,14056
1104,я,Ядрин,8170
